Name,Address,District,Assignmode,Primaryormiddle,Quality,WGS84lat,WGS84lon,Correspondmiddle,Correspondmiddle_quality,Correspondmiddle_promoterate
东北师范大学附属中学朝阳学校,北京市朝阳区金盏乡楼梓庄路临6号,Chaoyang,None,middle,5,39.97606615,116.5672344,None,None,0
中国人民大学附属中学,北京市海淀区中关村大街37号,Haidian,None,middle,1,39.97329577,116.3116055,None,None,0
中国人民大学附属中学分校,北京市海淀区双榆树南里二区3号,Haidian,None,middle,3,39.96499513,116.3230859,None,None,0
中国人民大学附属中学实验小学,北京市海淀区知春里小区甲22号,Haidian,Random,primary,1,39.9722556,116.3175774,None,None,0
中国人民大学附属中学朝阳学校,北京市朝阳区太阳宫南街8号,Chaoyang,None,middle,5,39.97528732,116.4348621,None,None,0
中国人民大学附属中学朝阳学校,北京市朝阳区太阳宫南街8号,Chaoyang,Nineyears,primary,5,39.97528732,116.4348621,中国人民大学附属中学朝阳学校,5,1
中国人民大学附属中学朝阳实验学校,北京市朝阳区太阳宫北街新区D区,Chaoyang,Random,primary,5,39.97295798,116.4452577,None,None,0
中国人民大学附属中学第二分校,北京市海淀区蓝靛厂路25号,Haidian,None,middle,5,39.96535239,116.2716214,None,None,0
中国人民大学附属中学翠微学校,北京市海淀区翠微路1号,Haidian,None,middle,5,39.91211533,116.2958023,None,None,0
中国人民大学附属小学,北京市海淀区蓝靛厂路18号,Haidian,Random,primary,1,39.96486714,116.2718404,None,None,0
中国人民大学附属小学银燕分校,北京市海淀区厢红旗48号,Haidian,Random,primary,5,39.96593553,116.2816522,None,None,0
中国传媒大学附属中学,北京市朝阳区大黄庄西里一号,Chaoyang,None,middle,5,39.91336015,116.5422316,None,None,0
中国传媒大学附属小学,北京市朝阳区定福庄南里2号,Chaoyang,Random,primary,5,39.91231743,116.5523175,None,None,0
中国农业大学附属实验小学,北京市海淀区学清路32号,Haidian,Random,primary,4,40.00233246,116.3468279,None,None,0
中国农业科学院附属小学,北京市海淀区中关村南大街12号,Haidian,Random,primary,3,39.95708248,116.326564,None,None,0
中国地质大学附属中学,北京市海淀区成府路20号,Haidian,None,middle,5,39.99056762,116.3357269,None,None,0
中国教育科学研究院朝阳实验学校(中学校部),北京市朝阳区安贞西里一区13号楼,Chaoyang,None,middle,5,39.97232464,116.3929086,None,None,0
中国教育科学研究院朝阳实验学校(中学校部),北京市朝阳区安贞西里一区13号楼,Chaoyang,Nineyears,primary,5,39.97232464,116.3929086,中国教育科学研究院朝阳实验学校(中学校部),5,1
中国矿业大学（北京）附属中学,北京市海淀区学院路丁11号,Haidian,None,middle,5,39.9955725,116.3406775,None,None,0
中国科学院附属实验学校,北京市朝阳区华严里68号院楼1-5号楼,Chaoyang,None,middle,5,39.97632873,116.3815215,None,None,0
中国科学院附属实验学校,北京市朝阳区华严里68号院楼1-5号楼,Chaoyang,Nineyears,primary,5,39.97632873,116.3815215,中国科学院附属实验学校,5,1
中国音乐学院附属北京实验学校,北京市朝阳区安慧里四区12号,Chaoyang,Random,primary,4,39.98998694,116.4054227,None,None,0
中央工艺美术学院附属中学,北京市东城区东直门外小街甲27号,Dongcheng,None,middle,5,39.94349198,116.4381104,None,None,0
中央工艺美院附中艺美小学,北京市东城区东直门外胡家园20号,Dongcheng,Random,primary,4,39.94306598,116.4380196,None,None,0
中央民族大学附属中学,北京市海淀区法华寺甲5号,Haidian,None,middle,5,39.94903671,116.3107689,None,None,0
人大附中西山学校,北京市海淀区马连洼南路9号,Haidian,None,middle,5,40.03086046,116.2768042,None,None,0
北京世青国际学校,北京市朝阳区花家地北里18号,Chaoyang,None,middle,5,39.98401994,116.4617287,None,None,0
北京世青国际学校,北京市朝阳区花家地北里18号,Chaoyang,Nineyears,primary,5,39.98401994,116.4617287,北京世青国际学校,5,1
北京中医学院附属中学,北京市朝阳区和平街十五区1号院,Chaoyang,None,middle,5,39.96494746,116.4250829,None,None,0
北京中学,北京市朝阳区西坝河东里1号,Chaoyang,None,middle,5,39.96390184,116.4425218,None,None,0
北京中学东坝南校区（新增）,北京市朝阳区东坝中街临7号,Chaoyang,None,middle,5,39.96467212,116.5503672,None,None,0
北京中学东坝南校区（新增）,北京市朝阳区东坝中街临7号,Chaoyang,Nineyears,primary,5,39.96467212,116.5503672,北京中学东坝南校区（新增）,5,1
北京乐成国际学校,北京市朝阳区百子湾南二路77号,Chaoyang,None,middle,5,39.89595445,116.4686109,None,None,0
北京乐成国际学校,北京市朝阳区百子湾南二路77号,Chaoyang,Nineyears,primary,5,39.89595445,116.4686109,北京乐成国际学校,5,1
北京光明小学,北京市东城区光明路甲12号,Dongcheng,Random,primary,1,39.88266862,116.4312114,None,None,0
北京八十学校,北京市朝阳区望京北路甲16号国际教育大楼,Chaoyang,None,middle,5,40.00989525,116.4695409,None,None,0
北京八十学校,北京市朝阳区望京北路甲16号国际教育大楼,Chaoyang,Nineyears,primary,5,40.00989525,116.4695409,北京八十学校,5,1
北京农业大学附属中学,北京市海淀区圆明园西路三号,Haidian,None,middle,5,40.02186971,116.272974,None,None,0
北京农业大学附属小学,北京市海淀区圆明园西路3号院内,Haidian,Random,primary,5,40.02115475,116.2745451,None,None,0
北京化工大学附属中学,北京市朝阳区惠新里38号楼,Chaoyang,None,middle,5,39.9787199,116.414578,None,None,0
北京化工大学附属中学,北京市朝阳区惠新里38号楼,Chaoyang,Nineyears,primary,5,39.9787199,116.414578,北京化工大学附属中学,5,1
北京医学院附属中学,北京市海淀区花园北路40号,Haidian,None,middle,4,39.980143,116.356833,None,None,0
北京医科大学附属小学,北京市海淀区花园路甲3号,Haidian,Direct,primary,3,39.9767712,116.3583158,北京医学院附属中学,4,0.5
北京国际艺术与科学学校,北京市朝阳区朝阳公园西路麦子店正街53号,Chaoyang,None,middle,5,39.94156697,116.4664079,None,None,0
北京国际艺术与科学学校,北京市朝阳区朝阳公园西路麦子店正街53号,Chaoyang,Nineyears,primary,5,39.94156697,116.4664079,北京国际艺术与科学学校,5,1
北京外国语大学附属中学,北京市海淀区万寿寺北里14号,Haidian,None,middle,5,39.95093683,116.3061059,None,None,0
北京外国语大学附属小学,北京市海淀区魏公村小区23号楼,Haidian,Random,primary,5,39.95218378,116.3112777,None,None,0
北京大学附属中学,北京市海淀区大泥湾路甲82号,Haidian,None,middle,2,39.97588204,116.3140849,None,None,0
北京大学附属小学,北京市海淀区北京大学燕东园,Haidian,Random,primary,2,39.99558664,116.3119487,None,None,0
北京实验学校（海淀）,北京市海淀区阜成路甲3号,Haidian,None,middle,5,39.92450873,116.3209569,None,None,0
北京实验学校（海淀）,北京市海淀区阜成路甲3号,Haidian,Nineyears,primary,4,39.92450873,116.3209569,北京实验学校（海淀）,5,1
北京小学,北京市西城区槐柏树街9号,Xicheng,Random,primary,1,39.89513015,116.354358,None,None,0
北京小学天宁寺分校,北京市西城区天宁寺前街35号,Xicheng,Random,primary,5,39.89200527,116.3395719,None,None,0
北京小学红山分校,北京市西城区广安门外大街305号院二区,Xicheng,Random,primary,5,39.89063747,116.3283827,None,None,0
北京小学走读部,北京市西城区北线阁街2号,Xicheng,Random,primary,4,39.89068661,116.3471373,None,None,0
北京工业大学实验学校,北京市朝阳区华威西里48号,Chaoyang,None,middle,5,39.87311036,116.4448992,None,None,0
北京工业大学附属中学,北京市朝阳区双井大路园0号,Chaoyang,None,middle,5,39.89789364,116.4427793,None,None,0
北京工业大学附属中学,北京市朝阳区双井大路园0号,Chaoyang,Nineyears,primary,5,39.89789364,116.4427793,北京工业大学附属中学,5,1
北京工业大学附属中学双合分校,北京市朝阳区王四营乡双合中路8号院1号楼,Chaoyang,None,middle,5,39.85405323,116.5228022,None,None,0
北京工业大学附属中学双合分校,北京市朝阳区王四营乡双合中路8号院1号楼,Chaoyang,Nineyears,primary,5,39.85405323,116.5228022,北京工业大学附属中学双合分校,5,1
北京工业大学附属中学双桥分校,北京市朝阳区双桥中路北京工业大学附属中学双桥分校,Chaoyang,None,middle,5,39.89276005,116.5836805,None,None,0
北京工业大学附属中学英才分校,北京市朝阳区磨房北里230号,Chaoyang,None,middle,5,39.87924085,116.466269,None,None,0
北京工业大学附属中学英才分校,北京市朝阳区磨房北里230号,Chaoyang,Nineyears,primary,5,39.87924085,116.466269,北京工业大学附属中学英才分校,5,1
北京市一零一实验学校,北京市海淀区双榆树东里35号,Haidian,None,middle,5,39.96745858,116.3212896,None,None,0
北京市三帆中学,北京市西城区德外新风街7号,Xicheng,None,middle,2,39.96116985,116.3688964,None,None,0
北京市三里屯一中,北京市朝阳区北三里屯甲5号,Chaoyang,None,middle,5,39.93570967,116.4478886,None,None,0
北京市三里屯一中,北京市朝阳区北三里屯甲5号,Chaoyang,Nineyears,primary,5,39.93570967,116.4478886,北京市三里屯一中,5,1
北京市上地实验学校,北京市海淀区上地二街3号,Haidian,None,middle,5,40.03263158,116.3020647,None,None,0
北京市上庄中学,北京市海淀区上庄镇43号,Haidian,None,middle,5,40.09482724,116.2093539,None,None,0
北京市上庄第二中学,北京市海淀区上庄镇东小营2号,Haidian,None,middle,5,40.12327542,116.1943616,None,None,0
北京市东城区东交民巷小学,北京市东城区台基厂大街14号,Dongcheng,Random,primary,3,39.90192619,116.4056517,None,None,0
北京市东城区东四七条小学,北京市东城区东四七条31号,Dongcheng,Random,primary,4,39.93045215,116.4165977,None,None,0
北京市东城区东四九条小学,北京市东城区东四九条67号,Dongcheng,Random,primary,3,39.93169336,116.4122789,None,None,0
北京市东城区东四十四条小学,北京市东城区东四十三条73号,Dongcheng,Direct,primary,5,39.92526049,116.4133739,北京市第五中学分校,5,0.2
北京市东城区东高房小学,北京市东城区沙滩北街东高房胡同13号,Dongcheng,Random,primary,5,39.92546762,116.3965259,None,None,0
北京市东城区什锦花园小学,北京市东城区美术馆后街48号,Dongcheng,Random,primary,4,39.92761847,116.4030846,None,None,0
北京市东城区体育馆路小学,北京市东城区法华南里21号,Dongcheng,Random,primary,4,39.88428966,116.4202172,None,None,0
北京市东城区分司厅小学,北京市东城区鼓楼东大街小经厂2号,Dongcheng,Random,primary,2,39.93985113,116.3990004,None,None,0
北京市东城区前门小学,北京市东城区崇文门西河沿甲211号,Dongcheng,Random,primary,4,39.89850724,116.4008788,None,None,0
北京市东城区北新桥小学,北京市东城区东直门北大街乙2号,Dongcheng,Direct,primary,5,39.94747917,116.4293943,北京市东直门中学,5,0.2
北京市东城区北池子小学,北京市东城区北池子大街46号,Dongcheng,Random,primary,5,39.91770527,116.3966851,None,None,0
北京市东城区北锣鼓巷小学,北京市东城区安定门内千福巷5号,Dongcheng,Random,primary,5,39.94623433,116.3957805,None,None,0
北京市东城区史家实验学校（曙光）,北京市东城区东中街铜厂子胡同8号,Dongcheng,Random,primary,3,39.93584408,116.4322414,None,None,0
北京市东城区史家小学分校,北京市东城区北门仓胡同1号,Dongcheng,Random,primary,3,39.93425278,116.424648,None,None,0
北京市东城区史家胡同小学,北京市东城区南工匠营胡同2号,Dongcheng,Random,primary,1,39.92470566,116.4213868,None,None,0
北京市东城区和平里第一小学,北京市东城区和平里中街甲21号,Dongcheng,Direct,primary,3,39.95635945,116.4133896,北京市第一七一中学,3,0.2
北京市东城区和平里第三小学,北京市东城区兴化路9号,Dongcheng,Random,primary,4,39.96126955,116.4076709,None,None,0
北京市东城区和平里第九小学,北京市东城区和平里七区20号楼,Dongcheng,Random,primary,3,39.95945601,116.4156894,None,None,0
北京市东城区和平里第二小学,北京市东城区和平里民旺南胡同20号,Dongcheng,Random,primary,4,39.94972759,116.4211602,None,None,0
北京市东城区和平里第四小学,北京市东城区和平里交林夹道1号,Dongcheng,Random,primary,2,39.95602577,116.422306,None,None,0
北京市东城区回民实验小学,北京市东城区东花市北里西区1号,Dongcheng,Random,primary,4,39.89634569,116.4225,None,None,0
北京市东城区回民实验小学,北京市东城区东花市大街99号,Dongcheng,Random,primary,5,39.89619067,116.4216778,None,None,0
北京市东城区回民小学,北京市东城区朝阳门内大街124号,Dongcheng,Random,primary,4,39.92267975,116.4232127,None,None,0
北京市东城区地坛小学,北京市东城区和平里九区甲2号,Dongcheng,Direct,primary,3,39.95931719,116.4067955,北京市第一七一中学,3,0.3
北京市东城区培新小学,北京市东城区幸福巷4号,Dongcheng,Random,primary,3,39.88824669,116.4258352,None,None,0
北京市东城区天坛东里小学,北京市东城区天坛东里内8号,Dongcheng,Random,primary,5,39.87525263,116.4124992,None,None,0
北京市东城区天坛南里小学,北京市东城区天坛南里西区16号,Dongcheng,Random,primary,5,39.87308802,116.3978526,None,None,0
北京市东城区安外三条小学,北京市东城区安外上龙北巷3号,Dongcheng,Direct,primary,5,39.9528527,116.4004911,北京市第一七一中学,3,0.2
北京市东城区定安里小学,北京市东城区定安里26号,Dongcheng,Random,primary,5,39.85979773,116.4037845,None,None,0
北京市东城区宝华里小学,北京市东城区沙子口路63号,Dongcheng,Random,primary,5,39.85907792,116.3997125,None,None,0
北京市东城区师范学校附属小学,北京市东城区安定门外东河沿乙7号,Dongcheng,Random,primary,4,39.94944197,116.4043803,None,None,0
北京市东城区帽儿胡同小学,北京市东城区帽儿胡同17号,Dongcheng,Random,primary,5,39.93500686,116.3942815,None,None,0
北京市东城区府学胡同小学,北京市东城区府学胡同65号,Dongcheng,Random,primary,1,39.93440704,116.4026623,None,None,0
北京市东城区文汇小学,北京市东城区广渠门外忠实里南街乙58号,Dongcheng,Random,primary,5,39.89478967,116.4399836,None,None,0
北京市东城区新开路东总布小学,北京市东城区新开路胡同55号,Dongcheng,Direct,primary,4,39.91050106,116.4147495,北京市第一六六中学,3,0.2
北京市东城区新怡小学,北京市东城区新怡家园9号,Dongcheng,Random,primary,5,39.89718497,116.406855,None,None,0
北京市东城区新景小学,北京市东城区西花市南里西区7号楼,Dongcheng,Random,primary,4,39.89329738,116.4165991,None,None,0
北京市东城区新鲜胡同小学,北京市东城区朝内南小街新鲜胡同36号,Dongcheng,Random,primary,4,39.91975795,116.4235162,None,None,0
北京市东城区方家胡同小学,北京市东城区方家胡同17号,Dongcheng,Random,primary,5,39.94275616,116.4077765,None,None,0
北京市东城区春江小学,北京市东城区南水关胡同60号,Dongcheng,Random,primary,5,39.91755274,116.4277393,None,None,0
北京市东城区景泰小学,北京市东城区永外杨家园路10号,Dongcheng,Direct,primary,3,39.8651888,116.4062992,北京市文汇中学,5,0.2
北京市东城区板厂小学,北京市东城区板厂南里7号,Dongcheng,Random,primary,3,39.8834338,116.4360075,None,None,0
北京市东城区校尉胡同小学,北京市东城区校尉胡同8号,Dongcheng,Random,primary,4,39.91335114,116.4080992,None,None,0
北京市东城区永生小学,北京市东城区永生巷6号旁门,Dongcheng,Random,primary,5,39.88296133,116.42076109999999,None,None,0
北京市东城区法华寺街小学,北京市东城区葱店西街56号,Dongcheng,Random,primary,5,39.8870021,116.4173896,None,None,0
北京市东城区灯市口小学,北京市东城区灯市口北巷14号,Dongcheng,Random,primary,3,39.91905718,116.4077598,None,None,0
北京市东城区精忠街小学,北京市东城区精忠街11号,Dongcheng,Random,primary,5,39.88746677,116.396209,None,None,0
北京市东城区织染局小学,北京市东城区水簸箕胡同甲5号,Dongcheng,Random,primary,5,39.93093719,116.4092453,None,None,0
北京市东城区美术馆后街小学,北京市东城区美术馆后街57号,Dongcheng,Random,primary,4,39.92840588,116.4019961,None,None,0
北京市东城区西中街小学,北京市东城区东直门外十字坡东里10号楼,Dongcheng,Random,primary,3,39.93899776,116.4344707,None,None,0
北京市东城区西总布小学,北京市东城区西总布胡同19号,Dongcheng,Random,primary,5,39.91097703,116.4179248,None,None,0
北京市东城区遂安伯小学,北京市东城区金宝街65号,Dongcheng,Random,primary,4,39.91444291,116.4180849,None,None,0
北京市东城区金台书院小学,北京市东城区东晓市街203号,Dongcheng,Random,primary,5,39.88959773,116.4047812,None,None,0
北京市东城区雍和宫小学,北京市东城区藏经馆胡同27号,Dongcheng,Random,primary,5,39.94605178,116.4122688,None,None,0
北京市东城区青年湖小学,北京市东城区安德里北街20号,Dongcheng,Random,primary,5,39.95561741,116.3922261,None,None,0
北京市东城区革新里小学,北京市东城区永外管村5号,Dongcheng,Random,primary,5,39.86209405,116.3913093,None,None,0
北京市东城区黑芝麻胡同小学,北京市东城区黑芝麻胡同11号,Dongcheng,Random,primary,2,39.93715452,116.3955812,None,None,0
北京市东方德才学校,北京市朝阳区水碓子北里9号楼,Chaoyang,None,middle,5,39.92851815,116.4706452,None,None,0
北京市东方德才学校,北京市朝阳区水碓子北里9号楼,Chaoyang,Nineyears,primary,5,39.92851815,116.4706452,北京市东方德才学校,5,1
北京市东直门中学,北京市东城区东直门内北顺城街2号,Dongcheng,None,middle,5,39.94342295,116.4251272,None,None,0
北京市中关村中学,北京市海淀区科学院南路甲14号,Haidian,None,middle,4,39.9770221,116.3193128,None,None,0
北京市中关村中学分校,北京市海淀区蓟门里小区北甲11号,Haidian,None,middle,5,39.96947185,116.3440437,None,None,0
北京市中关村外国语学校,北京市海淀区建材西路12号,Haidian,None,middle,5,40.06096924,116.3503147,None,None,0
北京市中关村外国语学校,北京市海淀区建材西路12号,Haidian,Nineyears,primary,5,40.06096924,116.3503147,北京市中关村外国语学校,5,1
北京市中央商务区实验学校,北京市朝阳区西大望路下甸甲1号,Chaoyang,None,middle,5,39.90231075,116.4713187,None,None,0
北京市中央商务区实验学校,北京市朝阳区西大望路下甸甲1号,Chaoyang,Nineyears,primary,5,39.90231075,116.4713187,北京市中央商务区实验学校,5,1
北京市中科启元学校,北京市海淀区中关村南三街10号,Haidian,None,middle,5,39.98131734,116.3221856,None,None,0
北京市中科启元学校,北京市海淀区中关村南三街10号,Haidian,Nineyears,primary,5,39.98131734,116.3221856,北京市中科启元学校,5,1
北京市二十一世纪国际学校,北京市海淀区恩济庄46号,Haidian,None,middle,5,39.93070714,116.2778085,None,None,0
北京市二十一世纪国际学校,北京市海淀区恩济庄46号,Haidian,Nineyears,primary,5,39.93070714,116.2778085,北京市二十一世纪国际学校,5,1
北京市仕尚中学,北京市海淀区上庄路2号,Haidian,None,middle,5,40.09907798,116.2075585,None,None,0
北京市体育场路中学,北京市朝阳区工体南路1号,Chaoyang,None,middle,5,39.92538296,116.4430367,None,None,0
北京市八一学校,北京市海淀区苏州街29号,Haidian,None,middle,3,39.97915768,116.2993533,None,None,0
北京市八一学校,北京市海淀区苏州街29号,Haidian,Nineyears,primary,4,39.97915768,116.2993533,北京市八一学校,3,1
北京市八一学校附属玉泉中学,北京市海淀区厢红旗东门外甲3号,Haidian,None,middle,5,40.0043732,116.2509919,None,None,0
北京市八里庄第三中学,北京市朝阳区八里庄北里203楼,Chaoyang,None,middle,5,39.92603584,116.4932035,None,None,0
北京市六一中学,北京市海淀区定慧西里17号,Haidian,None,middle,5,39.92170057,116.2738471,None,None,0
北京市前门外国语学校,北京市东城区前门东大街甲14号,Dongcheng,None,middle,5,39.89837515,116.3974589,None,None,0
北京市力迈外国语学校,北京市朝阳区仰山路2号,Chaoyang,None,middle,5,40.02522935,116.4102238,None,None,0
北京市力迈外国语学校,北京市朝阳区仰山路2号,Chaoyang,Nineyears,primary,5,40.02522935,116.4102238,北京市力迈外国语学校,5,1
北京市劲松第一中学,北京市朝阳区劲松一区125楼,Chaoyang,None,middle,5,39.88490894,116.4520281,None,None,0
北京市北外附属外国语学校,北京市海淀区西二旗大街19号,Haidian,None,middle,5,40.05828713,116.314474,None,None,0
北京市北外附属外国语学校,北京市海淀区西二旗大街19号,Haidian,Nineyears,primary,4,40.05828713,116.314474,北京市北外附属外国语学校,5,1
北京市北纬路中学,北京市西城区北纬路46号,Xicheng,None,middle,5,39.88191103,116.3845221,None,None,0
北京市北达资源中学,北京市海淀区北京大学畅春园,Haidian,None,middle,4,39.99266942,116.2945793,None,None,0
北京市十一学校,北京市海淀区玉泉路66号,Haidian,None,middle,2,39.90003581,116.2474619,None,None,0
北京市十一学校一分校,北京市海淀区万寿路街道翠微路19号,Haidian,None,middle,4,39.89960911,116.2938876,None,None,0
北京市十一学校一分校,北京市海淀区万寿路街道翠微路19号,Haidian,Nineyears,primary,4,39.89960911,116.2938876,北京市十一学校一分校,4,1
北京市十一学校龙樾实验中学,北京市海淀区小营C3地块,Haidian,None,middle,5,40.0369187,116.3383868,None,None,0
北京市十八里店中学,北京市朝阳区十八里店乡周家庄甲1号,Chaoyang,None,middle,5,39.85954255,116.4712863,None,None,0
北京市华侨城黄冈中学,北京市朝阳区金蝉欢乐园1号院甲1号,Chaoyang,None,middle,5,39.86707639,116.4950279,None,None,0
北京市呼家楼中学,北京市朝阳区呼家楼西里南街2号,Chaoyang,None,middle,5,39.91848454,116.4592513,None,None,0
北京市和平北路学校,北京市东城区安外大街168号,Dongcheng,None,middle,5,39.95339158,116.4024038,None,None,0
北京市和平北路学校,北京市东城区安外大街168号,Dongcheng,Nineyears,primary,5,39.95339158,116.4024038,北京市和平北路学校,5,1
北京市和平街第一中学,北京市朝阳区和平家园8区16楼,Chaoyang,None,middle,5,39.96208071,116.4150036,None,None,0
北京市和平街第一中学,北京市朝阳区和平家园8区16楼,Chaoyang,Nineyears,primary,5,39.96208071,116.4150036,北京市和平街第一中学,5,1
北京市和平门中学,北京市西城区南新华街15号,Xicheng,None,middle,5,39.89636805,116.3778992,None,None,0
北京市回民学校,北京市西城区广内大街225号,Xicheng,None,middle,5,39.8901535,116.3593549,None,None,0
北京市团结湖第三中学,北京市朝阳区团结湖中路8号,Chaoyang,None,middle,5,39.92599896,116.4655513,None,None,0
北京市国子监中学,北京市东城区国子监街26号,Dongcheng,None,middle,5,39.94392656,116.408637,None,None,0
北京市垂杨柳中学,北京市朝阳区松榆里20号,Chaoyang,None,middle,5,39.8732194,116.464836,None,None,0
北京市外国语学校,北京市东城区报房胡同82号,Dongcheng,None,middle,5,39.92045188,116.4072672,None,None,0
北京市太平路中学,北京市海淀区太平路8号,Haidian,None,middle,5,39.8988573,116.2742178,None,None,0
北京市奶子房中学,北京市朝阳区崔各庄乡奶西村626号,Chaoyang,None,middle,5,40.04141255,116.4622376,None,None,0
北京市实验外国语学校,北京市朝阳区朝阳路3号,Chaoyang,None,middle,5,39.91203306,116.6042876,None,None,0
北京市宣武回民小学,北京市西城区牛街西里一区5号,Xicheng,Random,primary,5,39.88480329,116.3558025,None,None,0
北京市宣武外国语实验学校,北京市西城区莲花河胡同4号,Xicheng,None,middle,5,39.88985058,116.3219379,None,None,0
北京市宣武师范学校附属第一小学,北京市西城区右安门内大街26号,Xicheng,Random,primary,3,39.8738258,116.3580843,None,None,0
北京市崇文小学,北京市东城区花市枣苑12号,Dongcheng,Random,primary,3,39.89365429,116.4228288,None,None,0
北京市崇文门中学,北京市东城区东花市北里西区5号,Dongcheng,None,middle,5,39.89634569,116.4225,None,None,0
北京市师达中学,北京市海淀区闵庄路70号,Haidian,None,middle,4,39.96919113,116.2213844,None,None,0
北京市广渠门中学,北京市东城区白桥大街甲1号,Dongcheng,None,middle,5,39.89426975,116.4323584,None,None,0
北京市建华实验学校,北京市海淀区玉泉路66号,Haidian,None,middle,5,39.90003581,116.2474619,None,None,0
北京市建华实验学校,北京市海淀区玉泉路66号,Haidian,Nineyears,primary,3,39.90003581,116.2474619,北京市建华实验学校,5,1
北京市徐悲鸿中学,北京市西城区右安门西街甲10号院,Xicheng,None,middle,5,39.86979205,116.3537725,None,None,0
北京市忠德学校,北京市朝阳区东苇路9号,Chaoyang,None,middle,5,39.91953531,116.5841606,None,None,0
北京市忠德学校,北京市朝阳区东苇路9号,Chaoyang,Nineyears,primary,5,39.91953531,116.5841606,北京市忠德学校,5,1
北京市文汇中学,北京市东城区广渠门外忠实里东区9号,Dongcheng,None,middle,5,39.89599893,116.4393514,None,None,0
北京市新光中学,北京市西城区西黄城根北街6号,Xicheng,None,middle,5,39.92527957,116.3711081,None,None,0
北京市新教育实验学校,北京市朝阳区常营地区住欣家园102号,Chaoyang,None,middle,5,39.92249175,116.6062034,None,None,0
北京市新教育实验学校,北京市朝阳区常营地区住欣家园102号,Chaoyang,Nineyears,primary,5,39.92249175,116.6062034,北京市新教育实验学校,5,1
北京市日坛中学,北京市朝阳区建外光华西里4号,Chaoyang,None,middle,5,39.91005062,116.4460185,None,None,0
北京市日坛中学,北京市朝阳区建外光华西里4号,Chaoyang,Nineyears,primary,5,39.91005062,116.4460185,北京市日坛中学,5,1
北京市日坛中学实验学校,北京市朝阳区八里庄东里十号,Chaoyang,None,middle,5,39.91482151,116.4946744,None,None,0
北京市日坛中学实验学校,北京市朝阳区八里庄东里十号,Chaoyang,Nineyears,primary,5,39.91482151,116.4946744,北京市日坛中学实验学校,5,1
北京市星河实验学校,北京市朝阳区四季星河路星河湾小区1号院,Chaoyang,Random,primary,3,39.92476159,116.5173804,None,None,0
北京市月坛中学,北京市西城区南礼士路二条1号,Xicheng,None,middle,5,39.91006986,116.3442687,None,None,0
北京市望京实验学校,北京市朝阳区望京西园三区313楼,Chaoyang,None,middle,5,39.99878958,116.4684175,None,None,0
北京市望京实验学校,北京市朝阳区望京西园三区313楼,Chaoyang,Nineyears,primary,5,39.99878958,116.4684175,北京市望京实验学校,5,1
北京市朝阳区万子营民族小学,北京市朝阳区黑庄户乡万子营东村,Chaoyang,Random,primary,5,39.86243821,116.5937489,None,None,0
北京市朝阳区三里屯小学,北京市朝阳区三里屯东街4号,Chaoyang,Random,primary,5,39.93472045,116.4505247,None,None,0
北京市朝阳区上辛堡小学,北京市朝阳区孙河乡上辛堡村,Chaoyang,Random,primary,5,40.06277864,116.4812491,None,None,0
北京市朝阳区世纪东方国际学校,北京市朝阳区林萃路2号国家网球中心,Chaoyang,None,middle,5,40.01878713,116.3692986,None,None,0
北京市朝阳区世纪东方国际学校,北京市朝阳区林萃路2号国家网球中心,Chaoyang,Nineyears,primary,5,40.01878713,116.3692986,北京市朝阳区世纪东方国际学校,5,1
北京市朝阳区于家围小学,北京市朝阳区豆各庄乡石槽村西,Chaoyang,Random,primary,5,39.8820074,116.5658563,None,None,0
北京市朝阳区人大附中朝阳分校,北京市朝阳区太阳宫新区D区,Chaoyang,None,middle,5,39.97100905,116.4384616,None,None,0
北京市朝阳区人大附中朝阳分校,北京市朝阳区太阳宫新区D区,Chaoyang,Nineyears,primary,5,39.97100905,116.4384616,北京市朝阳区人大附中朝阳分校,5,1
北京市朝阳区八里庄中心小学,北京市朝阳区慈云寺北里117号,Chaoyang,Random,primary,4,39.91632859,116.48715610000001,None,None,0
北京市朝阳区兴隆小学,北京市朝阳区兴隆家园31号楼,Chaoyang,Random,primary,5,39.91043719,116.5189321,None,None,0
北京市朝阳区劲松第三小学,北京市朝阳区广渠门外东架松24号,Chaoyang,Random,primary,5,39.87643016,116.44788,None,None,0
北京市朝阳区劲松第四小学,北京市朝阳区劲松七区甲713楼,Chaoyang,Random,primary,4,39.87993597,116.4403916,None,None,0
北京市朝阳区北皋中心小学,北京市朝阳区崔各庄乡马南里小区,Chaoyang,Random,primary,5,40.02217902,116.501688,None,None,0
北京市朝阳区北马各庄小学,北京市朝阳区金盏乡北马各庄村,Chaoyang,Random,primary,5,39.98006616,116.6000765,None,None,0
北京市朝阳区十八里店小学,北京市朝阳区十八里店乡十八里店村885号,Chaoyang,Random,primary,5,39.84549966,116.4731046,None,None,0
北京市朝阳区半壁店小学,北京市朝阳区广渠路东半壁店村,Chaoyang,Random,primary,5,39.89265583,116.4799453,None,None,0
北京市朝阳区南磨房中心小学,北京市朝阳区松榆东里3号楼,Chaoyang,Random,primary,5,39.87363315,116.4681554,None,None,0
北京市朝阳区博文学校,北京市朝阳区十八里店乡十八里店村,Chaoyang,Random,primary,5,39.82834845,116.48437,None,None,0
北京市朝阳区博雅小学,北京市朝阳区东坝乡驹子房村147号,Chaoyang,Random,primary,5,39.95423927,116.5542163,None,None,0
北京市朝阳区双桥第二小学,北京市朝阳区双桥中路临乙5号,Chaoyang,Random,primary,5,39.89389966,116.5915867,None,None,0
北京市朝阳区启明星双语学校,北京市朝阳区顺白路2号,Chaoyang,Random,primary,5,40.04042481,116.4797711,None,None,0
北京市朝阳区呼家楼中心小学,北京市朝阳区呼家楼西里七巷12号,Chaoyang,Random,primary,3,39.91975504,116.460468,None,None,0
北京市朝阳区和平街中心小学,北京市朝阳区和平街12区13号楼,Chaoyang,Random,primary,5,39.96550206,116.4191005,None,None,0
北京市朝阳区团结湖小学,北京市朝阳区团结湖北头条10号,Chaoyang,Random,primary,5,39.93006187,116.4580649,None,None,0
北京市朝阳区团结湖第二小学,北京市朝阳区团结湖中路南二条1号楼,Chaoyang,Random,primary,5,39.92549969,116.4637787,None,None,0
北京市朝阳区国美家园小学,北京市朝阳区青年路西里1号院1号楼,Chaoyang,Random,primary,5,39.93469996,116.5080924,None,None,0
北京市朝阳区垂杨柳中心小学,北京市朝阳区松榆西里3号楼,Chaoyang,Random,primary,4,39.87028563,116.460878,None,None,0
北京市朝阳区垂杨柳中心小学金都分校,北京市朝阳区百子湾西里112号,Chaoyang,Random,primary,5,39.89853741,116.4901838,None,None,0
北京市朝阳区大山子第二小学,北京市朝阳区酒仙桥路甲一号,Chaoyang,Random,primary,5,39.96740452,116.4829478,None,None,0
北京市朝阳区奶子房小学,北京市朝阳区崔各乡奶子房西村,Chaoyang,Random,primary,5,40.04390612,116.4646249,None,None,0
北京市朝阳区孛罗营小学,北京市朝阳区王四营乡孛罗营村194号,Chaoyang,Random,primary,5,39.85874425,116.5348602,None,None,0
北京市朝阳区安民学校,北京市朝阳区和平街十四区9号楼东,Chaoyang,None,middle,5,39.96072228,116.419275,None,None,0
北京市朝阳区安民学校,北京市朝阳区和平街十四区9号楼东,Chaoyang,Nineyears,primary,5,39.96072228,116.419275,北京市朝阳区安民学校,5,1
北京市朝阳区官庄小学,北京市朝阳区王四营乡官庄村,Chaoyang,Random,primary,5,39.87744511,116.5021074,None,None,0
北京市朝阳区定福庄第一小学,北京市朝阳区三间房西里,Chaoyang,Random,primary,5,39.91601259,116.5619012,None,None,0
北京市朝阳区定辛庄小学,北京市朝阳区黑庄户乡定辛庄村286号,Chaoyang,Random,primary,5,39.8697784,116.6064194,None,None,0
北京市朝阳区实验小学,北京市朝阳区幸福一村四巷36号,Chaoyang,Random,primary,5,39.93461205,116.4421845,None,None,0
北京市朝阳区实验小学罗马嘉园分校,北京市朝阳区朝阳北路109号,Chaoyang,Random,primary,5,39.92233959,116.5042297,None,None,0
北京市朝阳区将台洼小学,北京市朝阳区东风乡将台洼村,Chaoyang,Random,primary,5,39.95399456,116.5050467,None,None,0
北京市朝阳区将台路小学,北京市朝阳区将台路芳园里小区内,Chaoyang,Random,primary,5,39.9723929,116.4819408,None,None,0
北京市朝阳区小武基小学,北京市朝阳区十八里店乡小武基村46号,Chaoyang,Random,primary,5,39.85614801,116.4822846,None,None,0
北京市朝阳区左家庄第二小学,北京市朝阳区左家庄前街2号,Chaoyang,Random,primary,5,39.95199996,116.4359273,None,None,0
北京市朝阳区平房小学,北京市朝阳区平房南后街96号,Chaoyang,Random,primary,5,39.94885828,116.512854,None,None,0
北京市朝阳区康乐园小学,北京市朝阳区康家园小区14号楼,Chaoyang,Random,primary,5,39.91089453,116.5129916,None,None,0
北京市朝阳区张家店小学,北京市朝阳区十八里店乡横街子村910号,Chaoyang,Random,primary,5,39.83778254,116.5035828,None,None,0
北京市朝阳区教育研究中心附属学校,北京市朝阳区酒仙桥南路甲7号,Chaoyang,None,middle,5,39.96452126,116.4920484,None,None,0
北京市朝阳区新升小学,北京市朝阳区周庄嘉园东里甲28号,Chaoyang,Random,primary,5,39.86354585,116.4669438,None,None,0
北京市朝阳区新源西里小学,北京市朝阳区新源西里中街17号,Chaoyang,Random,primary,5,39.94540652,116.4397066,None,None,0
北京市朝阳区新源里第四小学,北京市朝阳区三源里小区北小街5号,Chaoyang,Random,primary,5,39.95385911,116.4494251,None,None,0
北京市朝阳区日坛小学,北京市朝阳区通惠家园惠生园20号,Chaoyang,Random,primary,5,39.90790978,116.4997239,None,None,0
北京市朝阳区星河双语学校,北京市朝阳区十八里店乡十里河村139号,Chaoyang,None,middle,5,39.86009313,116.4553115,None,None,0
北京市朝阳区星河双语学校,北京市朝阳区十八里店乡十里河村139号,Chaoyang,Nineyears,primary,5,39.86009313,116.4553115,北京市朝阳区星河双语学校,5,1
北京市朝阳区望京南湖东园小学,北京市朝阳区望京南湖东园109楼,Chaoyang,Random,primary,4,39.99925024,116.4576236,None,None,0
北京市朝阳区望京新城南湖中园小学,北京市朝阳区南湖中园二区239号楼,Chaoyang,Random,primary,4,39.9963918,116.4522361,None,None,0
北京市朝阳区柏阳学校,北京市朝阳区王四营乡白鹿司中街1号楼、3号楼,Chaoyang,Random,primary,5,39.87198494,116.5471261,None,None,0
北京市朝阳区楼梓庄小学,北京市朝阳区金盏乡楼梓庄村,Chaoyang,Random,primary,5,39.97914476,116.5863331,None,None,0
北京市朝阳区爱迪外国语学校,北京市朝阳区楼梓庄路7号,Chaoyang,None,middle,5,39.97714345,116.5770137,None,None,0
北京市朝阳区爱迪外国语学校,北京市朝阳区楼梓庄路7号,Chaoyang,Nineyears,primary,5,39.97714345,116.5770137,北京市朝阳区爱迪外国语学校,5,1
北京市朝阳区牌坊小学,北京市朝阳区小红门乡少角中街一号院1号楼,Chaoyang,Random,primary,5,39.83899374,116.4499902,None,None,0
北京市朝阳区王四营中心小学,北京市朝阳区王四营乡观音景园201,Chaoyang,Random,primary,5,39.88593123,116.516167,None,None,0
北京市朝阳区甘露园小学,北京市朝阳区甘露园南里一区18号,Chaoyang,Random,primary,5,39.91331828,116.5071519,None,None,0
北京市朝阳区田华小学,北京市朝阳区紫南家园小区内,Chaoyang,Random,primary,5,39.8722065,116.4902323,None,None,0
北京市朝阳区白家庄小学,北京市朝阳区三里屯南路40号,Chaoyang,Random,primary,3,40.0021981,116.4697788,None,None,0
北京市朝阳区百年实验学校,北京市朝阳区崔各庄乡何各庄村顺白路300号,Chaoyang,None,middle,5,40.04093042,116.4905821,None,None,0
北京市朝阳区百年实验学校,北京市朝阳区崔各庄乡何各庄村顺白路300号,Chaoyang,Nineyears,primary,5,40.04093042,116.4905821,北京市朝阳区百年实验学校,5,1
北京市朝阳区石佛营小学,北京市朝阳区石佛营东里125号,Chaoyang,Random,primary,5,39.93254578,116.4979726,None,None,0
北京市朝阳区祁庄小学,北京市朝阳区十八里店乡吕家营村西,Chaoyang,Random,primary,5,39.83966028,116.4578423,None,None,0
北京市朝阳区第二实验小学,北京市朝阳区管庄东里55号,Chaoyang,Random,primary,5,39.91510545,116.5863693,None,None,0
北京市朝阳区精诚实验小学,北京市朝阳区和平街十三区17号楼,Chaoyang,Random,primary,5,39.96248336,116.4197389,None,None,0
北京市朝阳区老君堂小学,北京市朝阳区老君堂村287号,Chaoyang,Random,primary,5,39.83924699,116.5023536,None,None,0
北京市朝阳区花家地实验小学,北京市朝阳区花家地小区18楼,Chaoyang,Random,primary,3,39.98185308,116.4615629,None,None,0
北京市朝阳区芳草地国际学校,北京市朝阳区日坛北路1号,Chaoyang,Random,primary,2,39.916726,116.4427862,None,None,0
北京市朝阳区芳草地国际学校世纪小学,北京市朝阳区育慧东路3号,Chaoyang,Random,primary,5,39.99235381,116.4267035,None,None,0
北京市朝阳区芳草地国际学校富力分校,北京市朝阳区大鲁店北路30号,Chaoyang,None,middle,5,39.84405331,116.5529171,None,None,0
北京市朝阳区芳草地国际学校富力分校,北京市朝阳区大鲁店北路30号,Chaoyang,Nineyears,primary,5,39.84405331,116.5529171,北京市朝阳区芳草地国际学校富力分校,5,1
北京市朝阳区芳草地国际学校远洋小学,北京市朝阳区八里庄西里78号,Chaoyang,Random,primary,5,39.88857573,116.6137527,None,None,0
北京市朝阳区苇沟小学,北京市朝阳区孙河乡前苇沟村,Chaoyang,Random,primary,5,40.0214563,116.5513481,None,None,0
北京市朝阳区西直河小学,北京市朝阳区十八里店乡西直河村,Chaoyang,Random,primary,5,39.84531229,116.5301388,None,None,0
北京市朝阳区豆各庄中心小学,北京市朝阳区豆各庄乡豆各庄村南,Chaoyang,Random,primary,5,39.85634078,116.5585259,None,None,0
北京市朝阳区酒仙桥中心小学,北京市朝阳区酒仙桥路乙28号,Chaoyang,Random,primary,5,39.96310765,116.4872557,None,None,0
北京市朝阳区酒仙桥第二小学,北京市朝阳区酒仙桥红霞路9号,Chaoyang,Random,primary,5,39.96258893,116.4834155,None,None,0
北京市朝阳区金地老君堂实验学校,北京市朝阳区老君堂村北外围路1263号,Chaoyang,Random,primary,5,39.83679519,116.5058434,None,None,0
北京市朝阳区金色摇篮全程实验学校,北京市朝阳区慧忠北里119号,Chaoyang,None,middle,5,40.00654169,116.3985842,None,None,0
北京市朝阳区金色摇篮全程实验学校,北京市朝阳区慧忠北里119号,Chaoyang,Nineyears,primary,5,40.00654169,116.3985842,北京市朝阳区金色摇篮全程实验学校,5,1
北京市朝阳区陈经纶中学分校实验学校,北京市朝阳区将台乡东八间房村邻乙8号,Chaoyang,None,middle,5,39.9762731,116.5146725,None,None,0
北京市朝阳区陈经纶中学分校实验学校,北京市朝阳区将台乡东八间房村邻乙8号,Chaoyang,Nineyears,primary,5,39.9762731,116.5146725,北京市朝阳区陈经纶中学分校实验学校,5,1
北京市朝阳区青苗国际双语学校,北京市朝阳区南十里居38号,Chaoyang,None,middle,5,39.95754149,116.4838256,None,None,0
北京市朝阳区青苗国际双语学校,北京市朝阳区南十里居38号,Chaoyang,Nineyears,primary,5,39.95754149,116.4838256,北京市朝阳区青苗国际双语学校,5,1
北京市朝阳区高家园小学,北京市朝阳区高家园小区112号,Chaoyang,Random,primary,5,39.97765428,116.4768104,None,None,0
北京市朝阳区高碑店中心小学,北京市朝阳区高碑店高西店甲1号,Chaoyang,Random,primary,5,39.90270761,116.5169779,None,None,0
北京市朝阳区黄胄艺术实验小学,北京市朝阳区西坝河中里37号楼,Chaoyang,Random,primary,5,39.96207173,116.4322936,None,None,0
北京市朝阳区黑庄户中心小学,北京市朝阳区黑庄户乡黑庄户村,Chaoyang,Random,primary,5,39.85722951,116.5944473,None,None,0
北京市朝阳外国语学校,北京市朝阳区慧忠里232号楼,Chaoyang,None,middle,2,39.99842316,116.3743853,None,None,0
北京市朝阳外国语学校,北京市朝阳区慧忠里232号楼,Chaoyang,Nineyears,primary,3,39.99842316,116.3743853,北京市朝阳外国语学校,2,1
北京市朝阳外国语学校分校,北京市朝阳区来广营清河营中街148-1号,Chaoyang,None,middle,5,40.04656122,116.4330287,None,None,0
北京市朝阳外国语学校分校,北京市朝阳区来广营清河营中街148-1号,Chaoyang,Nineyears,primary,5,40.04656122,116.4330287,北京市朝阳外国语学校分校,5,1
北京市朝阳外国语学校北苑分校,北京市朝阳区北苑村2号,Chaoyang,None,middle,5,40.02997261,116.4387927,None,None,0
北京市朝阳外国语学校北苑分校,北京市朝阳区北苑村2号,Chaoyang,Nineyears,primary,5,40.02997261,116.4387927,北京市朝阳外国语学校北苑分校,5,1
北京市朝阳实验小学南校,北京市朝阳区小红门乡小红门街130号,Chaoyang,Random,primary,5,39.82831983,116.4533927,None,None,0
北京市朝阳师范学校附属小学,北京市朝阳区和平街11区17号楼,Chaoyang,Random,primary,3,39.96372667,116.4209341,None,None,0
北京市楼梓庄中学,北京市朝阳区金盏乡楼梓庄村北后街2号,Chaoyang,None,middle,5,39.97548613,116.5474393,None,None,0
北京市樱花园实验学校,北京市朝阳区樱花园小区16号楼,Chaoyang,None,middle,5,39.97251476,116.4128038,None,None,0
北京市樱花园实验学校,北京市朝阳区樱花园小区16号楼,Chaoyang,Nineyears,primary,5,39.97251476,116.4128038,北京市樱花园实验学校,5,1
北京市正泽学校（新增） 非营利民办学校,北京市西城区丁章胡同1号,Xicheng,None,middle,5,39.92154735,116.3580041,None,None,0
北京市正泽学校（新增） 非营利民办学校,北京市西城区丁章胡同1号,Xicheng,Nineyears,primary,5,39.92154735,116.3580041,北京市正泽学校（新增） 非营利民办学校,5,1
北京市民族学校,北京市朝阳区常营民族家园12号,Chaoyang,None,middle,5,39.9280173,116.5822253,None,None,0
北京市民族学校,北京市朝阳区常营民族家园12号,Chaoyang,Nineyears,primary,5,39.9280173,116.5822253,北京市民族学校,5,1
北京市永定路中学,北京市海淀区金沟河路13号,Haidian,None,middle,5,39.91661327,116.2597242,None,None,0
北京市汇文第一小学,北京市东城区丁香胡同7号,Dongcheng,Direct,primary,2,39.90173513,116.4170739,北京汇文中学,5,0.2
北京市海淀北部新区实验学校,北京市海淀区苏家坨镇西小营村,Haidian,None,middle,5,40.0613942,116.1151889,None,None,0
北京市海淀北部新区实验学校,北京市海淀区苏家坨镇西小营村,Haidian,Nineyears,primary,5,40.0613942,116.1151889,北京市海淀北部新区实验学校,5,1
北京市海淀区七一小学,北京市海淀区莲花池西路1号,Haidian,Random,primary,3,39.89612802,116.3009139,None,None,0
北京市海淀区万泉小学,北京市海淀区万泉庄甲1号,Haidian,Direct,primary,3,39.96905428,116.295186,北京理工大学附属中学分校,5,0.5
北京市海淀区万泉河小学,北京市海淀区芙蓉里小区十号楼东侧,Haidian,Random,primary,5,39.98542367,116.2952639,None,None,0
北京市海淀区上地实验小学,北京市海淀区上地东里五区内,Haidian,Random,primary,2,40.02876871,116.3071028,None,None,0
北京市海淀区上庄中心小学,北京市海淀区上庄镇上庄村1号,Haidian,Random,primary,5,40.10980585,116.2067852,None,None,0
北京市海淀区东北旺中心小学,北京市海淀区马连洼竹园西街8号,Haidian,Random,primary,5,40.02911493,116.2715543,None,None,0
北京市海淀区东升实验小学,北京市海淀区月泉路八家嘉苑西,Haidian,Random,primary,5,40.01630699,116.3396247,None,None,0
北京市海淀区东埠头小学,北京市海淀区温泉镇东埠头村,Haidian,Random,primary,5,40.03711426,116.1695224,None,None,0
北京市海淀区东马坊小学,北京市海淀区东马坊村20号,Haidian,Random,primary,5,40.09181308,116.1963822,None,None,0
北京市海淀区中关村第一小学,北京市海淀区中关村南二街5号,Haidian,Random,primary,1,39.98249717,116.3165583,None,None,0
北京市海淀区中关村第三小学,北京市海淀区万柳中路23号,Haidian,Random,primary,1,39.96206063,116.2911993,None,None,0
北京市海淀区中关村第二小学,北京市海淀区中关村北一条10号,Haidian,Random,primary,1,39.98676863,116.3183005,None,None,0
北京市海淀区中关村第四小学,北京市海淀区太阳园小区14号,Haidian,Random,primary,3,39.96922494,116.3342293,None,None,0
北京市海淀区丰联小学,北京市海淀区西北旺镇辛店村东,Haidian,Random,primary,5,40.08135434,116.255578,None,None,0
北京市海淀区九一小学,北京市海淀区花园路1号,Haidian,Direct,primary,4,39.97867991,116.359209,北京医学院附属中学,4,0.5
北京市海淀区二里沟中心小学,北京市海淀区二里沟中街4号,Haidian,Random,primary,3,39.93294468,116.3238081,None,None,0
北京市海淀区五一小学,北京市海淀区永定路127号,Haidian,Random,primary,2,39.90044494,116.2583726,None,None,0
北京市海淀区亮甲店小学,北京市海淀区八里庄街道亮甲店1号,Haidian,Random,primary,5,39.92825309,116.2724237,None,None,0
北京市海淀区今典小学,北京市海淀区红联北村83号,Haidian,Random,primary,4,39.95363628,116.3541502,None,None,0
北京市海淀区八里庄小学,北京市海淀区八里庄街7号,Haidian,Direct,primary,4,39.92577737,116.2940639,首都师范大学附属中学第一分校,5,0.4
北京市海淀区六一小学,北京市海淀区恩济里小区&nbsp;&nbsp;,Haidian,Direct,primary,4,39.92985224,116.2810886,北京市海淀区教师进修学校附属实验学校,4,0.3
北京市海淀区六郎庄小学,北京市海淀区六郎庄村慈佑街1号,Haidian,Random,primary,5,39.98169251,116.2827658,None,None,0
北京市海淀区冷泉小学,北京市海淀区西北旺镇冷泉村100号,Haidian,Random,primary,5,40.03666058,116.2134121,None,None,0
北京市海淀区前章村小学,北京市海淀区前章村东口,Haidian,Random,primary,5,40.12309044,116.171372,None,None,0
北京市海淀区前进小学,北京市海淀区健安西路32号（后门）,Haidian,Random,primary,4,39.97339934,116.3533502,None,None,0
北京市海淀区北安河中心小学,北京市海淀区苏家坨镇环谷园路2号,Haidian,Random,primary,5,40.06519169,116.1113153,None,None,0
北京市海淀区双榆树中心小学,北京市海淀区双榆树西里36号,Haidian,Direct,primary,4,39.96730575,116.3175179,北京市中关村中学,4,0.4
北京市海淀区双榆树第一小学,北京市海淀区双榆树东里32号,Haidian,Direct,primary,4,39.96881948,116.3208105,北京市中关村中学,4,0.4
北京市海淀区台头小学,北京市海淀区苏家坨镇聂各庄路13号,Haidian,Random,primary,5,40.10439472,116.1112341,None,None,0
北京市海淀区周家巷小学,北京市海淀区军庄路1号,Haidian,Random,primary,5,40.05342816,116.12316,None,None,0
北京市海淀区和平小学,北京市海淀区航材大道,Haidian,Direct,primary,5,40.03490097,116.2025511,北京市一零一实验学校,5,0.4
北京市海淀区唐家岭小学,北京市海淀区唐家岭新城,Haidian,Random,primary,5,40.06386999,116.2673583,None,None,0
北京市海淀区四王府小学,北京市海淀区香山正白旗甲9号,Haidian,Random,primary,5,39.9965285,116.2095627,None,None,0
北京市海淀区图强第二小学,北京市海淀区五棵松正大南路4号,Haidian,Random,primary,4,39.90867616,116.2655147,None,None,0
北京市海淀区培星小学,北京市海淀区厢红旗董四墓36号,Haidian,Random,primary,5,39.96593556,116.2816522,None,None,0
北京市海淀区培英小学,北京市海淀区太平路19号,Haidian,Direct,primary,4,39.89882977,116.27213,北京市育英中学,4,0.4
北京市海淀区大牛坊小学,北京市海淀区西北旺镇大牛坊村100号,Haidian,Random,primary,5,40.08322018,116.2272075,None,None,0
北京市海淀区太平路小学,北京市海淀区采石路9号,Haidian,Direct,primary,4,39.90092271,116.2535324,北京市十一学校,2,0.3
北京市海淀区学院路小学,北京市海淀区蓟门里小区,Haidian,Random,primary,5,39.96947185,116.3440437,None,None,0
北京市海淀区宏丰小学,北京市海淀区西北旺镇亮甲店村,Haidian,Random,primary,5,40.0450843,116.2321467,None,None,0
北京市海淀区定慧里小学,北京市海淀区定慧西里18号,Haidian,Direct,primary,5,39.92097481,116.2753835,北京理工大学附属中学分校,5,0.3
北京市海淀区实验小学,北京市海淀区西三环北路107号,Haidian,Random,primary,5,39.92391547,116.3050886,None,None,0
北京市海淀区尚丽外国语学校,北京市海淀区香山南路四统碑,Haidian,None,middle,5,39.96390635,116.2139934,None,None,0
北京市海淀区尚丽外国语学校,北京市海淀区香山南路四统碑,Haidian,Nineyears,primary,5,39.96390635,116.2139934,北京市海淀区尚丽外国语学校,5,1
北京市海淀区崛起实验学校,北京市海淀区菊园小区11号楼,Haidian,None,middle,5,40.03223185,116.2815516,None,None,0
北京市海淀区崛起实验学校,北京市海淀区菊园小区11号楼,Haidian,Nineyears,primary,5,40.03223185,116.2815516,北京市海淀区崛起实验学校,5,1
北京市海淀区振兴小学,北京市海淀区上庄镇梅所屯,Haidian,Random,primary,5,40.13435742,116.2155841,None,None,0
北京市海淀区教师进修学校附属实验学校,北京市海淀区远大路34号,Haidian,None,middle,4,39.95484466,116.2717364,None,None,0
北京市海淀区教师进修学校附属实验小学,北京市海淀区四季青黑塔村142号,Haidian,Direct,primary,5,39.95553108,116.2299513,北京市海淀区教师进修学校附属实验学校,4,0.3
北京市海淀区教师进修学校附属实验小学西冉村校区,北京市海淀区四季青西冉村99号,Haidian,None,middle,5,39.9539445,116.2527352,None,None,0
北京市海淀区星火小学,北京市海淀区新外大街志强园,Haidian,Random,primary,5,39.95249061,116.3593336,None,None,0
北京市海淀区枫丹实验小学,北京市海淀区西三旗建材城中里1号,Haidian,Random,primary,5,40.06398141,116.3514009,None,None,0
北京市海淀区民族小学,北京市海淀区德外后黑寺1号,Haidian,Direct,primary,4,39.9891824,116.3732866,北方交通大学附属中学,3,0.4
北京市海淀区永丰中心小学,北京市海淀区西北旺镇六里屯村北,Haidian,Random,primary,5,40.05954827,116.2483352,None,None,0
北京市海淀区永泰小学,北京市海淀区清河镇永泰小区东里49号,Haidian,Random,primary,4,40.03265063,116.350338,None,None,0
北京市海淀区清华东路小学,北京市海淀区清华东路4号,Haidian,Random,primary,4,39.9998852,116.3622912,None,None,0
北京市海淀区清河第一小学,北京市海淀区清河毛纺厂东门南侧,Haidian,Random,primary,5,40.02620771,116.2270359,None,None,0
北京市海淀区清河第五小学,北京市海淀区北京体育大学家属院内,Haidian,Random,primary,5,40.01954349,116.311518,None,None,0
北京市海淀区清河第四小学,北京市海淀区西三旗新都东站,Haidian,Random,primary,5,40.06000177,116.3553453,None,None,0
北京市海淀区玉泉小学,北京市海淀区金沟河路35号,Haidian,Random,primary,4,39.91705415,116.2493898,None,None,0
北京市海淀区白家疃小学,北京市海淀区温泉镇白家疃村,Haidian,Random,primary,5,40.04041102,116.1694181,None,None,0
北京市海淀区白水洼小学,北京市海淀区白水洼村南,Haidian,Random,primary,5,40.1363679,116.1988907,None,None,0
北京市海淀区第三实验小学,北京市海淀区成府路20号,Haidian,Random,primary,4,39.99056762,116.3357269,None,None,0
北京市海淀区第二实验小学,北京市海淀区清河镇西,Haidian,Random,primary,3,40.02693962,116.3395707,None,None,0
北京市海淀区第四实验小学,北京市海淀区香山南路南河滩,Haidian,Random,primary,4,39.97321041,116.1957592,None,None,0
北京市海淀区红星小学,北京市海淀区北安河路36号,Haidian,Random,primary,5,40.08023538,116.115208,None,None,0
北京市海淀区红英小学,北京市海淀区西北旺镇韩家川村南口,Haidian,Random,primary,4,40.03525166,116.2405293,None,None,0
北京市海淀区羊坊店中心小学,北京市海淀区北蜂窝路66号,Haidian,Random,primary,4,39.89921157,116.3210583,None,None,0
北京市海淀区羊坊店第五小学,北京市海淀区北蜂窝路9号,Haidian,Random,primary,4,39.90038004,116.3223152,None,None,0
北京市海淀区羊坊店第四小学,北京市海淀区羊坊店路114号,Haidian,Random,primary,4,39.90204641,116.3131461,None,None,0
北京市海淀区翠微小学,北京市海淀区翠微路22号,Haidian,Random,primary,2,39.90783433,116.2976321,None,None,0
北京市海淀区肖家河小学,北京市海淀区肖家河王庄1号,Haidian,Random,primary,5,40.01821872,116.2839499,None,None,0
北京市海淀区育鹰小学,北京市海淀区西三旗桥西空军装备研究院东门旁,Haidian,Random,primary,4,40.05362212,116.3228349,None,None,0
北京市海淀区花园村第二小学,北京市海淀区花园村四号,Haidian,Direct,primary,4,39.9303129,116.3126669,北京市海淀实验中学,5,0.4
北京市海淀区苏家坨三四村小学,北京市海淀区苏家坨镇苏三四村南区146号,Haidian,Random,primary,5,40.07881845,116.1647686,None,None,0
北京市海淀区苏家坨中心小学,北京市海淀区苏家坨镇西小营村南环路2号,Haidian,Random,primary,5,40.0613942,116.1151889,None,None,0
北京市海淀区行知实验学校,北京市海淀区四季青镇双槐树村2号,Haidian,Random,primary,5,39.93426003,116.2588751,None,None,0
北京市海淀区西二旗小学,北京市海淀区西二旗智学苑小区,Haidian,Random,primary,5,40.05079533,116.3042175,None,None,0
北京市海淀区西玉河小学,北京市海淀区西北旺镇西玉河村,Haidian,Random,primary,5,40.09839151,116.2323906,None,None,0
北京市海淀区西翠路小学,北京市海淀区万寿路丙1号院,Haidian,Random,primary,5,39.91688867,116.2803274,None,None,0
北京市海淀区西苑小学,北京市海淀区西苑操场甲1号,Haidian,Direct,primary,4,39.99169261,116.2867013,北京市一零一实验学校,5,0.3
北京市海淀区西颐小学,北京市海淀区北三环西路49号,Haidian,Random,primary,4,39.96324748,116.3094286,None,None,0
北京市海淀区香山小学,北京市海淀区香山北正黄旗36号,Haidian,Random,primary,5,39.98768844,116.1995009,None,None,0
北京市海淀国际学校,北京市海淀区旱河路368号-3,Haidian,None,middle,5,39.94317301,116.2427956,None,None,0
北京市海淀国际学校,北京市海淀区旱河路368号-2,Haidian,Nineyears,primary,5,39.94317301,116.2427956,北京市海淀国际学校,5,1
北京市海淀外国语实验学校,北京市海淀区杏石口路20号,Haidian,None,middle,5,39.94297155,116.2508388,None,None,0
北京市海淀外国语实验学校,北京市海淀区杏石口路20号,Haidian,Nineyears,primary,3,39.94297155,116.2508388,北京市海淀外国语实验学校,5,1
北京市海淀实验中学,北京市海淀区白堆子131号,Haidian,None,middle,5,39.92542408,116.3175224,None,None,0
北京市润丰学校,北京市朝阳区青年路西里6号院,Chaoyang,None,middle,5,39.92605194,116.5068711,None,None,0
北京市润丰学校,北京市朝阳区青年路西里6号院,Chaoyang,Nineyears,primary,5,39.92605194,116.5068711,北京市润丰学校,5,1
北京市清华志清中学,北京市海淀区体育大学南侧,Haidian,None,middle,5,40.01954349,116.311518,None,None,0
北京市清华育才实验学校,北京市海淀区闵庄路56号,Haidian,None,middle,5,39.9692651,116.2259102,None,None,0
北京市清河中学,北京市海淀区清河镇一街83号,Haidian,None,middle,5,40.02888939,116.3391004,None,None,0
北京市温泉第二中学（更名为：北京中法实验学校）,北京市海淀区温泉镇环山村2号院,Haidian,None,middle,5,40.03722496,116.2018198,None,None,0
北京市温泉第二中学（更名为：北京中法实验学校）,北京市海淀区温泉镇环山村2号院,Haidian,Nineyears,primary,5,40.03722496,116.2018198,北京市温泉第二中学（更名为：北京中法实验学校）,5,1
北京市玉渊潭中学,北京市海淀区羊坊店路皇亭子,Haidian,None,middle,5,39.90677739,116.3097163,None,None,0
北京市知春里中学,北京市海淀区知春东里12号,Haidian,None,middle,5,39.97263215,116.3213563,None,None,0
北京市私立北方中学,北京市朝阳区百子湾路水南庄1号,Chaoyang,None,middle,5,39.90329661,116.509262,None,None,0
北京市私立新亚中学,北京市朝阳区十八里店村886号,Chaoyang,None,middle,5,39.84754939,116.4765156,None,None,0
北京市私立新亚中学,北京市朝阳区十八里店村886号,Chaoyang,Nineyears,primary,5,39.84754939,116.4765156,北京市私立新亚中学,5,1
北京市私立汇才中学,北京市东城区永定门外大街86号,Xicheng,None,middle,5,39.86564202,116.3943074,None,None,0
北京市科迪实验中学,北京市海淀区苏家坨镇苏三四村,Haidian,None,middle,5,40.07881845,116.1647686,None,None,0
北京市第一一五中学,北京市东城区天坛东路13号,Dongcheng,None,middle,5,39.87900257,116.4126789,None,None,0
北京市第一一五中学,北京市东城区天坛东路13号,Dongcheng,Nineyears,primary,5,39.87900257,116.4126789,北京市第一一五中学,5,1
北京市第一一四中学,北京市东城区永外街道西革新里114号,Dongcheng,None,middle,5,39.86445144,116.3871929,None,None,0
北京市第一七一中学,北京市东城区和平里北街8号,Dongcheng,None,middle,3,39.95769739,116.4220732,None,None,0
北京市第一七七中学,北京市东城区安定门外青年湖南街23号,Dongcheng,None,middle,5,39.952515,116.3910303,None,None,0
北京市第一中学,北京市东城区宝钞胡同甲12号,Dongcheng,None,middle,5,39.94564458,116.3934309,None,None,0
北京市第一中学,北京市东城区宝钞胡同甲12号,Dongcheng,Nineyears,primary,5,39.94564458,116.3934309,北京市第一中学,5,1
北京市第一二五中学（变更为北京汇文实验中学）,北京市东城区后沟胡同乙2号,Dongcheng,None,middle,5,39.95311659,116.3639115,None,None,0
北京市第一五九中学,北京市西城区王府仓胡同23号,Xicheng,None,middle,5,39.92045663,116.3555321,None,None,0
北京市第一五六中学,北京市西城区太平仓胡同16号,Xicheng,None,middle,5,39.92997264,116.3677718,None,None,0
北京市第一六一中学,北京市西城区大宴乐胡同11号,Xicheng,None,middle,3,39.90698148,116.3844956,None,None,0
北京市第一六五中学,北京市东城区大佛寺东街18号,Dongcheng,None,middle,5,39.92737072,116.4050948,None,None,0
北京市第一六六中学,北京市东城区灯市东口同福夹道3号,Dongcheng,None,middle,3,39.91851841,116.4099516,None,None,0
北京市第一四二中学(北京宏志中学),北京市东城区和平里中街43号,Dongcheng,None,middle,5,39.95550459,116.4049929,None,None,0
北京市第一零九中学,北京市东城区幸福大街43号,Dongcheng,None,middle,5,39.8865353,116.4245532,None,None,0
北京市第一O一中学,北京市海淀区颐和园路11号,Haidian,None,middle,2,39.99633841,116.2982866,None,None,0
北京市第七中学,北京市西城区安德路69号,Xicheng,None,middle,5,39.95012242,116.3781074,None,None,0
北京市第七十一中学,北京市朝阳区小红门龙爪树834号,Chaoyang,None,middle,5,39.84206054,116.4490351,None,None,0
北京市第三中学,北京市西城区富国街3号,Xicheng,None,middle,5,39.9299502,116.361022,None,None,0
北京市第三十一中学,北京市西城区西绒线胡同33号,Xicheng,None,middle,5,39.90297765,116.3741077,None,None,0
北京市第三十九中学,北京市西城区西黄城根北街6号,Xicheng,None,middle,5,39.92527957,116.3711081,None,None,0
北京市第三十五中学,北京市西城区小口袋胡同19号,Xicheng,None,middle,3,39.90954415,116.3584289,None,None,0
北京市第九十七中学,北京市朝阳区黄杉木店206号,Chaoyang,None,middle,5,39.92990233,116.5278818,None,None,0
北京市第九十六中学,北京市东城区崇文门西小街3号,Dongcheng,None,middle,5,39.8987494,116.409754,None,None,0
北京市第九十四中学朝阳新城分校,北京市朝阳区东坝乡朝新嘉园东里六区十号院,Chaoyang,None,middle,5,39.95212265,116.5483716,None,None,0
北京市第九十四中学朝阳新城分校,北京市朝阳区东坝乡朝新嘉园东里六区十号院,Chaoyang,Nineyears,primary,5,39.95212265,116.5483716,北京市第九十四中学朝阳新城分校,5,1
北京市第九十四中学机场分校,北京市朝阳区首都机场燕翔西里19号,Chaoyang,None,middle,5,40.04600353,116.5913681,None,None,0
北京市第九十四中学机场分校,北京市朝阳区首都机场燕翔西里19号,Chaoyang,Nineyears,primary,5,40.04600353,116.5913681,北京市第九十四中学机场分校,5,1
北京市第二一四中学,北京市西城区月坛北街18号,Xicheng,None,middle,5,39.91680025,116.3313827,None,None,0
北京市第二中学,北京市东城区内务部街15号,Dongcheng,None,middle,2,39.91789256,116.4174094,None,None,0
北京市第二中学分校,北京市东城区朝阳门内南小街南竹杆胡同81号,Dongcheng,None,middle,5,39.92082065,116.4227964,None,None,0
北京市第二十一中学,北京市东城区交道口北三条57号,Dongcheng,None,middle,5,39.94224283,116.4072551,None,None,0
北京市第二十七中学,北京市东城区东华门大街智德前巷11号,Dongcheng,None,middle,5,39.9145652,116.3988263,None,None,0
北京市第二十中学,北京市海淀区清河小营西路11号,Haidian,None,middle,5,40.03428689,116.3272185,None,None,0
北京市第二十中学附属实验学校,北京市海淀区西三旗街道永泰庄路,Haidian,None,middle,5,40.03203837,116.3451485,None,None,0
北京市第二十中学附属实验学校,北京市海淀区西三旗街道永泰庄路,Haidian,Nineyears,primary,5,40.03203837,116.3451485,北京市第二十中学附属实验学校,5,1
北京市第二十二中学,北京市东城区交道口东大街77号,Dongcheng,None,middle,5,39.93970638,116.4079971,None,None,0
北京市第二十五中学,北京市东城区灯市口大街55号,Dongcheng,None,middle,5,39.91738704,116.4072697,None,None,0
北京市第二十四中学,北京市东城区外交部街31号,Dongcheng,None,middle,5,39.91155471,116.41722,None,None,0
北京市第五中学,北京市东城区细管胡同13号,Dongcheng,None,middle,2,39.93578595,116.4087982,None,None,0
北京市第五中学分校,北京市东城区地安门东大街127号,Dongcheng,None,middle,5,39.9328457,116.3916229,None,None,0
北京市第五中学分校(原北京市东城综合高中),北京市东城区地安门东大街127号,Dongcheng,None,middle,5,39.9328457,116.3916229,None,None,0
北京市第五十七中学,北京市海淀区北蜂窝中路6号,Haidian,None,middle,5,39.89895038,116.3240453,None,None,0
北京市第五十中学,北京市东城区夕照寺大街13号,Dongcheng,None,middle,5,39.88580533,116.4338818,None,None,0
北京市第五十中学分校,北京市东城区永外安乐林路14号,Dongcheng,None,middle,5,39.86365669,116.4042643,None,None,0
北京市第五十五中学,北京市东城区新中街12号,Dongcheng,None,middle,5,39.93524252,116.436252,None,None,0
北京市第五十六中学,北京市西城区文兴街3号,Xicheng,None,middle,5,39.93458166,116.3303531,None,None,0
北京市第五十四中学,北京市东城区和平里六区9号,Dongcheng,None,middle,5,39.9550028,116.418679,None,None,0
北京市第八中学,北京市西城区学院小街2号,Xicheng,None,middle,2,39.90885872,116.3557926,None,None,0
北京市第八十中学,北京市朝阳区望京北路甲16号,Chaoyang,None,middle,2,40.00989525,116.4695409,None,None,0
北京市第八十中学体育运动学校,北京市朝阳区平房乡平房村1861号,Chaoyang,None,middle,5,39.93358384,116.5326158,None,None,0
北京市第八十中学体育运动学校,北京市朝阳区平房乡平房村1861号,Chaoyang,Nineyears,primary,5,39.93358384,116.5326158,北京市第八十中学体育运动学校,5,1
北京市第八十中学实验学校康营分校,北京市朝阳区孙河乡康营家园14区108号,Chaoyang,None,middle,5,40.03453199,116.5312154,None,None,0
北京市第八十中学实验学校康营分校,北京市朝阳区孙河乡康营家园14区108号,Chaoyang,Nineyears,primary,5,40.03453199,116.5312154,北京市第八十中学实验学校康营分校,5,1
北京市第八十中学实验学校温榆河分校,北京市朝阳区崔各庄乡崔各庄村北,Chaoyang,None,middle,5,39.99849122,116.50949,None,None,0
北京市第八十中学实验学校温榆河分校,北京市朝阳区崔各庄乡崔各庄村北,Chaoyang,Nineyears,primary,5,39.99849122,116.50949,北京市第八十中学实验学校温榆河分校,5,1
北京市第八十中学枣营分校,北京市朝阳区枣营南里1号,Chaoyang,None,middle,5,39.94371275,116.4671101,None,None,0
北京市第八十中学枣营分校,北京市朝阳区枣营南里1号,Chaoyang,Nineyears,primary,5,39.94371275,116.4671101,北京市第八十中学枣营分校,5,1
北京市第八十中学管庄分校,北京市朝阳区管庄西里,Chaoyang,None,middle,5,39.91287261,116.5832648,None,None,0
北京市第六十五中学,北京市东城区北河沿大街115号,Dongcheng,None,middle,5,39.91957125,116.3991171,None,None,0
北京市第六十六中学,北京市西城区枣林前街111号,Xicheng,None,middle,5,39.88212973,116.3485009,None,None,0
北京市第十一中学,北京市东城区金鱼池西区1号,Dongcheng,None,middle,5,39.8884668,116.4012501,None,None,0
北京市第十一中学分校,北京市东城区天坛南里14号,Dongcheng,None,middle,5,39.87306608,116.3987414,None,None,0
北京市第十七中学,北京市朝阳区百子湾家园404号,Chaoyang,None,middle,5,39.89758413,116.5029981,None,None,0
北京市第十三中学,北京市西城区柳荫街27号,Xicheng,None,middle,5,39.93560405,116.378284,None,None,0
北京市第十三中学分校,北京市西城区西绦胡同59号,Xicheng,None,middle,3,39.94704505,116.3806605,None,None,0
北京市第十九中学,北京市海淀区万泉河路83号,Haidian,None,middle,5,39.96895711,116.2996771,None,None,0
北京市第十五中学,北京市西城区育新街2号,Xicheng,None,middle,5,39.87409127,116.3675952,None,None,0
北京市第十六中学,北京市朝阳区东坝红松园甲3号,Chaoyang,None,middle,5,39.9634422,116.5416639,None,None,0
北京市第十四中学,北京市西城区莲花河南街2号,Xicheng,None,middle,5,39.89124462,116.3322669,None,None,0
北京市第四中学,北京市西城区西黄城根北街甲2号,Xicheng,None,middle,1,39.92983769,116.3718456,None,None,0
北京市第四十一中学,北京市西城区西四北二条58号,Xicheng,None,middle,5,39.92484447,116.3605579,None,None,0
北京市第四十七中学,北京市海淀区苏家坨镇北安河村环谷园路8号,Haidian,None,middle,5,40.06479667,116.1081226,None,None,0
北京市第四十三中学,北京市西城区后孙公园胡同37号,Xicheng,None,middle,5,39.89230146,116.3759613,None,None,0
北京市第四十四中学,北京市西城区三里河南横街1号,Xicheng,None,middle,5,39.91055422,116.3345564,None,None,0
北京市翔宇中学,北京市东城区东直门北大街甲2号,Dongcheng,None,middle,5,39.94783051,116.4302459,None,None,0
北京市育才学校,北京市西城区东经路21号,Xicheng,None,middle,5,39.87679003,116.3868816,None,None,0
北京市育才学校,北京市西城区东经路21号,Xicheng,Nineyears,primary,3,39.87679003,116.3868816,北京市育才学校,5,1
北京市育英中学,北京市海淀区万寿路西街14号,Haidian,None,middle,4,39.90871121,116.2800652,None,None,0
北京市育英学校,北京市海淀区万寿路西街11号,Haidian,None,middle,5,39.91143812,116.2805977,None,None,0
北京市育英学校,北京市海淀区万寿路西街11号,Haidian,Nineyears,primary,3,39.91143812,116.2805977,北京市育英学校,5,1
北京市育鸿学校,北京市海淀区复兴路14号,Haidian,None,middle,4,39.89645068,116.3075489,None,None,0
北京市育鸿学校,北京市海淀区复兴路14号,Haidian,Nineyears,primary,4,39.89645068,116.3075489,北京市育鸿学校,4,1
北京市草场地中学,北京市朝阳区崔各庄乡草场地村77号,Chaoyang,None,middle,5,39.99701525,116.4990431,None,None,0
北京市西城区三义里小学,北京市西城区三义里4号,Xicheng,Random,primary,5,39.88816579,116.3243022,None,None,0
北京市西城区三里河第三小学,北京市西城区三里河三区36号,Xicheng,Random,primary,2,39.90682671,116.3333695,None,None,0
北京市西城区中华路小学,北京市西城区前半壁街48号,Xicheng,Direct,primary,4,39.93670686,116.3549445,北京市第三十五中学,3,0.5
北京市西城区中古友谊小学,北京市西城区三里河一区39号,Xicheng,Random,primary,2,39.91672143,116.3358628,None,None,0
北京市西城区五路通小学,北京市西城区什坊街甲6号,Xicheng,Random,primary,5,39.95939131,116.3775967,None,None,0
北京市西城区什刹海小学,北京市西城区恭俭胡同41号,Xicheng,Random,primary,4,39.92797901,116.3873385,None,None,0
北京市西城区兴华小学,北京市西城区天桥留学路114号,Xicheng,Random,primary,5,39.88568797,116.388425,None,None,0
北京市西城区力学小学,北京市西城区力学胡同47号,Xicheng,Random,primary,4,39.9099092,116.372099,None,None,0
北京市西城区北礼士路第一小学,北京市西城区北礼士路133号,Xicheng,Random,primary,4,39.92871061,116.347018,None,None,0
北京市西城区北长街小学,北京市西城区北长街71号,Xicheng,Random,primary,4,39.91681955,116.3847874,None,None,0
北京市西城区半步桥小学,北京市西城区白纸坊东街27号,Xicheng,Direct,primary,4,39.87720926,116.3632454,北京市第十五中学,5,0.5
北京市西城区华嘉小学,北京市西城区西廊下胡同34号,Xicheng,Random,primary,4,39.92675073,116.3555349,None,None,0
北京市西城区厂桥小学,北京市西城区地安门西大街167号,Xicheng,Random,primary,4,39.93171885,116.371637,None,None,0
北京市西城区四根柏小学,北京市西城区赵登禹路58号,Xicheng,Direct,primary,4,39.93460839,116.3623593,北京市第三十五中学,3,0.5
北京市西城区复兴门外第一小学,北京市西城区复兴门外大街地藏庵23号,Xicheng,Random,primary,3,39.909220500000004,116.3422392,None,None,0
北京市西城区奋斗小学,北京市西城区闹市口大街月台胡同15号,Xicheng,Random,primary,2,39.90036267,116.3559953,None,None,0
北京市西城区宏庙小学,北京市西城区西单北大街宏庙胡同13号,Xicheng,Direct,primary,2,39.91400673,116.3644786,北京市第八中学,2,0.5
北京市西城区实验小学,北京市西城区南菜园35号,Xicheng,Random,primary,5,39.8725219,116.3474843,None,None,0
北京市西城区展览路第一小学,北京市西城区百万庄中里7号,Xicheng,Random,primary,3,39.92781719,116.3328152,None,None,0
北京市西城区师范学校附属小学,北京市西城区六铺炕北小街3号,Xicheng,Random,primary,2,39.95389282,116.3847033,None,None,0
北京市西城区康乐里小学,北京市西城区储库营康乐里2号,Xicheng,Random,primary,3,39.89340942,116.3626142,None,None,0
北京市西城区新世纪实验小学,北京市西城区南纬路2号,Xicheng,Random,primary,5,39.87962304,116.3888446,None,None,0
北京市西城区新街口东街小学,北京市西城区新街口东街5号,Xicheng,Direct,primary,4,39.94126961,116.3721614,北京市第十三中学分校,3,0.5
北京市西城区柳荫街小学,北京市西城区西煤厂胡同7号,Xicheng,Random,primary,4,39.93790902,116.3794669,None,None,0
北京市西城区椿树馆小学,北京市西城区广安门外南街43号,Xicheng,Direct,primary,5,39.88537224,116.3400492,北京市第八中学,2,0.5
北京市西城区炭儿胡同小学,北京市西城区炭儿胡同11号,Xicheng,Random,primary,5,39.89443935,116.3844003,None,None,0
北京市西城区登莱小学,北京市西城区登莱胡同29号,Xicheng,Random,primary,5,39.88652961,116.3484604,None,None,0
北京市西城区白纸坊小学,北京市西城区白广路乙27号,Xicheng,Direct,primary,5,39.88016501,116.3514083,北京市第十五中学,5,0.5
北京市西城区福州馆小学,北京市西城区福州馆前街3号,Xicheng,Random,primary,5,39.88481637,116.3763878,None,None,0
北京市西城区红莲小学,北京市西城区红莲中里14号,Xicheng,Random,primary,5,39.88092843,116.3281744,None,None,0
北京市西城区育民小学,北京市西城区真武庙头条8号,Xicheng,Random,primary,1,39.90493721,116.3436676,None,None,0
北京市西城区育翔小学,北京市西城区马甸南村乙14号,Xicheng,Random,primary,2,39.96413774,116.371612,None,None,0
北京市西城区自忠小学,北京市西城区府右街丙27号,Xicheng,Random,primary,3,39.91625604,116.3755245,None,None,0
北京市西城区裕中小学,北京市西城区裕中西里29号,Xicheng,Direct,primary,4,39.96910371,116.3777364,北京市三帆中学,2,0.5
北京市西城区西什库小学,北京市西城区刘兰塑胡同14号,Xicheng,Direct,primary,4,39.92268688,116.3742349,北京市第四中学,1,0.5
北京市西城区西单小学,北京市西城区中京畿道1号,Xicheng,Direct,primary,4,39.90791774,116.3633809,北京市第八中学,2,0.5
北京市西城区西四北四条小学,北京市西城区西四北四条47号,Xicheng,Random,primary,4,39.92713888,116.3622104,None,None,0
北京市西城区进步小学,北京市西城区西外南路榆树馆胡同1号,Xicheng,Random,primary,4,39.93511974,116.3415688,None,None,0
北京市西城区阜成门外第一小学,北京市西城区阜成门外大街甲10号,Xicheng,Random,primary,5,39.92070706,116.34402300000001,None,None,0
北京市西城区陶然亭小学,北京市西城区龙泉胡同5号,Xicheng,Direct,primary,4,39.8763268,116.372745,北京师范大学附属中学,5,0.5
北京市西城区青年湖小学,北京市西城区广外街道鸭子桥北里13号,Xicheng,Random,primary,4,39.87758582,116.3424761,None,None,0
北京市西城区顺城街第一小学,北京市西城区前门西大街135号,Xicheng,Random,primary,4,39.89888006,116.3715112,None,None,0
北京市西城区香厂路小学,北京市西城区香厂路31号,Xicheng,Random,primary,4,39.88674797,116.3861597,None,None,0
北京市西城区鸦儿胡同小学,北京市西城区鸦儿胡同25号,Xicheng,Random,primary,4,39.93962555,116.3858637,None,None,0
北京市西城区黄城根小学,北京市西城区西黄城根北街3号,Xicheng,Random,primary,1,39.92963988,116.3705782,None,None,0
北京市西城区黄城根小学官园校区,北京市西城区官园胡同1号,Xicheng,Random,primary,4,39.93070725,116.3556212,None,None,0
北京市西城外国语学校,北京市西城区西外南路6号,Xicheng,None,middle,3,39.93602428,116.3370888,None,None,0
北京市西颐实验学校,北京市海淀区双榆树南里2区3号,Haidian,None,middle,5,39.96499513,116.3230859,None,None,0
北京市豆各庄中学,北京市朝阳区南豆各庄乡豆各庄村,Chaoyang,None,middle,5,39.864632,116.5618458,None,None,0
北京市金盏学校,北京市朝阳区金盏大街1号,Chaoyang,None,middle,5,40.00205845,116.5615267,None,None,0
北京市金盏学校,北京市朝阳区金盏大街1号,Chaoyang,Nineyears,primary,5,40.00205845,116.5615267,北京市金盏学校,5,1
北京市铁路第二中学,北京市西城区月坛西街5号,Xicheng,None,middle,3,39.91390822,116.342938,None,None,0
北京市陈经纶中学,北京市朝阳区朝外大街38号,Chaoyang,None,middle,2,39.92063099,116.4415931,None,None,0
北京市陈经纶中学,北京市朝阳区朝外大街38号,Chaoyang,Nineyears,primary,3,39.92063099,116.4415931,北京市陈经纶中学,2,1
北京市陈经纶中学分校,北京市朝阳区利泽西街4号院,Chaoyang,None,middle,5,40.00511811,116.4601585,None,None,0
北京市陈经纶中学分校,北京市朝阳区利泽西街4号院,Chaoyang,Nineyears,primary,5,40.00511811,116.4601585,北京市陈经纶中学分校,5,1
北京市陈经纶中学嘉铭分校,北京市朝阳区北苑路86号,Chaoyang,None,middle,3,40.00013397,116.4232074,None,None,0
北京市陈经纶中学嘉铭分校,北京市朝阳区北苑路86号,Chaoyang,Nineyears,primary,3,40.00013397,116.4232074,北京市陈经纶中学嘉铭分校,3,1
北京市陈经纶中学崇实分校,北京市朝阳区王四营乡官庄村,Chaoyang,None,middle,5,39.87744511,116.5021074,None,None,0
北京市陈经纶中学崇实分校,北京市朝阳区王四营乡官庄村,Chaoyang,Nineyears,primary,5,39.87744511,116.5021074,北京市陈经纶中学崇实分校,5,1
北京市高家园中学,北京市朝阳区高家园小区210号,Chaoyang,None,middle,5,39.97798093,116.4738182,None,None,0
北京市鲁迅中学,北京市西城区新文化街45号,Xicheng,None,middle,5,39.90289575,116.3650096,None,None,0
北京市黑庄户中学,北京市朝阳区黑庄户乡黑庄户商业街甲3号,Chaoyang,None,middle,5,39.85091422,116.5884882,None,None,0
北京市龙潭中学,北京市东城区板厂南里3号,Dongcheng,None,middle,5,39.8834338,116.4360075,None,None,0
北京师范大学三帆中学朝阳学校,北京市朝阳区南湖南路12号,Chaoyang,None,middle,5,39.99064991,116.4581636,None,None,0
北京师范大学三帆中学朝阳学校,北京市朝阳区南湖南路12号,Chaoyang,Nineyears,primary,5,39.99064991,116.4581636,北京师范大学三帆中学朝阳学校,5,1
北京师范大学奥林匹克花园实验小学,北京市朝阳区东坝京奥家园288号楼,Chaoyang,Random,primary,5,39.95849699,116.5407272,None,None,0
北京师范大学实验二龙路中学,北京市西城区大木仓胡同39号,Xicheng,None,middle,5,39.91068131,116.3619432,None,None,0
北京师范大学实验华夏女子中学,北京市西城区红莲中里12号,Xicheng,None,middle,5,39.88142623,116.3277623,None,None,0
北京师范大学实验小学,北京市海淀区新街口外大街19号,Haidian,Random,primary,2,39.9624779,116.3607085,None,None,0
北京师范大学朝阳附属中学,北京市朝阳区林萃西里8号,Chaoyang,None,middle,5,40.0087032,116.3660559,None,None,0
北京师范大学朝阳附属小学,北京市朝阳区林萃路倚林佳园26号楼,Chaoyang,Random,primary,5,40.01423375,116.3631679,None,None,0
北京师范大学第三附属中学,北京市海淀区北三环中路甲36号,Haidian,None,middle,5,39.96438976,116.3605875,None,None,0
北京师范大学第二附属中学,北京市西城区新街口外大街12号,Xicheng,None,middle,5,39.9585256,116.365005,None,None,0
北京师范大学第二附属中学西城区实验学校,北京市西城区德外安德路116号,Xicheng,None,middle,5,39.95374682,116.3847643,None,None,0
北京师范大学附属中学,北京市西城区南新华街18号,Xicheng,None,middle,5,39.89672129,116.3783565,None,None,0
北京师范大学附属中学分校,北京市西城区太平街西巷4号,Xicheng,None,middle,5,39.87913481,116.3801753,None,None,0
北京师范大学附属实验中学,北京市西城区二龙路14号,Xicheng,None,middle,1,39.90975114,116.3609046,None,None,0
北京师范大学附属实验中学分校,北京市西城区辟才胡同80号,Xicheng,None,middle,1,39.91194262,116.3603824,None,None,0
北京建筑大学附属小学,北京市西城区文兴街4号,Xicheng,Random,primary,4,39.93411367,116.3308618,None,None,0
北京拔萃双语学校,北京市朝阳区拔萃路1号,Chaoyang,None,middle,5,39.94908563,116.5335675,None,None,0
北京拔萃双语学校,北京市朝阳区拔萃路1号,Chaoyang,Nineyears,primary,5,39.94908563,116.5335675,北京拔萃双语学校,5,1
北京教育学院朝阳分院附属学校,北京市朝阳区慈云里甲1号,Chaoyang,None,middle,5,39.91180237,116.4830734,None,None,0
北京教育学院朝阳分院附属学校,北京市朝阳区慈云里甲1号,Chaoyang,Nineyears,primary,5,39.91180237,116.4830734,北京教育学院朝阳分院附属学校,5,1
北京教育学院附属中学,北京市西城区新街口四条48号,Xicheng,None,middle,5,39.94271972,116.3617302,None,None,0
北京教育学院附属海淀实验小学,北京市海淀区田村后街,Haidian,Random,primary,2,39.93289083,116.2336224,None,None,0
北京教育科学研究院附属实验中学,北京市朝阳区望京西园四区428楼,Chaoyang,None,middle,5,39.99400073,116.46441,None,None,0
北京景山学校,北京市东城区灯市口大街53号,Dongcheng,None,middle,2,39.9174878,116.4088008,None,None,0
北京景山学校,北京市东城区灯市口大街53号,Dongcheng,Nineyears,primary,2,39.9174878,116.4088008,北京景山学校,2,1
北京景山学校朝阳学校,北京市朝阳区创达路62号院,Chaoyang,None,middle,5,39.95143915,116.5093631,None,None,0
北京景山学校朝阳学校,北京市朝阳区创达路62号院,Chaoyang,Nineyears,primary,5,39.95143915,116.5093631,北京景山学校朝阳学校,5,1
北京朝阳外语小学,北京市朝阳区北三环安外大街胜古家园7号楼,Chaoyang,Random,primary,5,39.96958495,116.4057583,None,None,0
北京林业大学附属小学,北京市海淀区清华东路35号,Haidian,Random,primary,3,39.99964145,116.3392251,None,None,0
北京汇文中学,北京市东城区培新街6号,Dongcheng,None,middle,5,39.8896268,116.4259753,None,None,0
北京汇文实验小学朝阳学校,北京市朝阳区弘善家园119号楼,Dongcheng,Random,primary,5,39.86783124,116.4486464,None,None,0
北京理工大学附属中学,北京市海淀区车道沟东路1号,Haidian,None,middle,3,39.94765102,116.2975642,None,None,0
北京理工大学附属中学,北京市海淀区车道沟东路1号,Haidian,Nineyears,primary,5,39.94765102,116.2975642,北京理工大学附属中学,3,1
北京理工大学附属中学分校,北京市海淀区紫竹院南路11号,Haidian,None,middle,5,39.9339043,116.3134717,None,None,0
北京理工大学附属小学,北京市海淀区中关村南大街5号,Haidian,Direct,primary,3,39.96254877,116.3077329,北京理工大学附属中学分校,5,1
北京石油学院附属中学,北京市海淀区学院路20号,Haidian,None,middle,5,39.99259012,116.3515613,None,None,0
北京石油学院附属实验小学,北京市海淀区清河宝盛里观景园22号,Haidian,Random,primary,5,40.03264366,116.3660286,None,None,0
北京石油学院附属小学,北京市海淀区学院路20号,Haidian,Random,primary,5,39.99259012,116.3515613,None,None,0
北京石油学院附属第二实验小学,北京市海淀区清河镇宝盛东路32号,Haidian,Random,primary,2,40.03473521,116.3718134,None,None,0
北京科技大学附属中学,北京市海淀区志新路36号,Haidian,None,middle,5,39.99200375,116.3559833,None,None,0
北京科技大学附属小学,北京市海淀区学院路30号,Haidian,Random,primary,3,39.99178516,116.3502946,None,None,0
北京第一实验小学,北京市西城区南新华街17号,Xicheng,Random,primary,2,39.89580079,116.3779836,None,None,0
北京第一实验小学前门分校,北京市西城区和平门外东街甲5号,Xicheng,Direct,primary,5,39.89569184,116.37791,北京师范大学附属中学,5,0.5
北京第一师范学校附属小学,北京市东城区桃杨路7号,Dongcheng,Random,primary,2,39.86747513,116.4036455,None,None,0
北京第二外国语学院附属中学,北京市朝阳区管庄东里第二外国语学院附属中学,Chaoyang,None,middle,5,39.91350446,116.5585426,None,None,0
北京第二外国语学院附属中学,北京市朝阳区管庄东里第二外国语学院附属中学,Chaoyang,Nineyears,primary,5,39.91350446,116.5585426,北京第二外国语学院附属中学,5,1
北京第二外国语学院附属小学,北京市朝阳区京通苑39号楼,Chaoyang,Random,primary,5,39.91285802,116.5892656,None,None,0
北京第二实验小学,北京市西城区新文化街111号,Xicheng,Random,primary,1,39.90260858,116.3614229,None,None,0
北京第二实验小学广外分校,北京市西城区广安门外红居南街2号,Xicheng,Random,primary,5,39.88138277,116.3332782,None,None,0
北京第二实验小学德胜校区,北京市西城区安德路142号,Xicheng,Random,primary,4,39.94947403,116.3760994,None,None,0
北京第二实验小学朝阳学校,北京市朝阳区茂兴东路11号,Chaoyang,Random,primary,5,39.89467623,116.4797216,None,None,0
北京第二实验小学涭水河分校,北京市西城区涭水河胡同45号旁门,Xicheng,Random,primary,4,39.91844739,116.3473434,None,None,0
北京第二实验小学玉桃园分校,北京市西城区西直门内大街马相胡同玉桃园三区10号楼,Xicheng,Random,primary,4,39.93916349,116.3578864,None,None,0
北京第二实验小学白云路分校,北京市西城区白云路2号,Xicheng,Random,primary,4,39.90338946,116.3371416,None,None,0
北京第二实验小学长安校区,北京市西城区东绒线胡同41号,Xicheng,Random,primary,4,39.90319468,116.37992,None,None,0
北京航空航天大学实验学校,北京市海淀区学院路37号,Haidian,None,middle,4,39.98186785,116.335356,None,None,0
北京航空航天大学实验学校,北京市海淀区学院路37号,Haidian,Nineyears,primary,3,39.98186785,116.335356,北京航空航天大学实验学校,4,1
北京西藏中学,北京市朝阳区北四环东路高原街一号,Chaoyang,None,middle,5,39.98726064,116.4219868,None,None,0
北京雷锋小学,北京市西城区旧鼓楼大街西绦胡同甲2号,Xicheng,Direct,primary,4,39.9434975,116.3876819,北京市第十三中学分校,3,0.5
北京青年政治学院附属中学,北京市朝阳区大山子西里10号,Chaoyang,None,middle,5,39.98137077,116.4817209,None,None,0
北京青年政治学院附属中学,北京市朝阳区大山子西里10号,Chaoyang,Nineyears,primary,5,39.98137077,116.4817209,北京青年政治学院附属中学,5,1
北大附中香山学校,北京市海淀区香山南辛村1号,Haidian,None,middle,5,39.98743782,116.2067731,None,None,0
北方交通大学附属中学,北京市海淀区恩济庄46号,Haidian,None,middle,3,39.93070714,116.2778085,None,None,0
北方交通大学附属中学分校,北京市海淀区学院南路一号,Haidian,None,middle,5,39.9568477,116.3544005,None,None,0
北方交通大学附属中学第二分校,北京市海淀区西外高梁桥斜街3号,Haidian,None,middle,5,39.95034213,116.3298534,None,None,0
北方交通大学附属小学,北京市海淀区上园村3号,Haidian,Random,primary,4,39.94722132,116.3348567,None,None,0
华中师范大学第一附属中学朝阳学校,北京市朝阳区星火西路辛庄二街泛海国际小区内,Chaoyang,None,middle,5,39.93842254,116.4903542,None,None,0
对外经济贸易大学附属中学,北京市朝阳区南湖中园315号,Chaoyang,None,middle,5,39.99404214,116.4518721,None,None,0
对外经济贸易大学附属小学,北京市朝阳区惠新里甲243号,Chaoyang,Random,primary,5,39.97800941,116.4151187,None,None,0
府学胡同小学朝阳学校,北京市朝阳区六里屯苇子坑路101号东侧,Chaoyang,Random,primary,5,39.935,116.4885,None,None,0
清华大学附属中学,北京市海淀区中关村北大街清华大学院内,Haidian,None,middle,2,40.00104558,116.316925,None,None,0
清华大学附属中学上地学校,北京市海淀区中关村北大街2号,Haidian,None,middle,5,40.01656496,116.3119235,None,None,0
清华大学附属中学朝阳学校,北京市朝阳区新源街31号,Chaoyang,None,middle,5,39.9487438,116.447768,None,None,0
清华大学附属中学朝阳学校,北京市朝阳区新源街31号,Chaoyang,Nineyears,primary,5,39.9487438,116.447768,清华大学附属中学朝阳学校,5,1
清华大学附属中学永丰学校,北京市海淀区北清路永丰嘉园西侧百旺杏林湾西北角,Haidian,None,middle,5,40.07451693,116.2509657,None,None,0
清华大学附属实验学校,北京市海淀区中关村北大街清华大学院内,Haidian,None,middle,5,40.00104558,116.316925,None,None,0
清华大学附属实验学校,北京市海淀区中关村北大街清华大学院内,Haidian,Nineyears,primary,5,40.00104558,116.316925,清华大学附属实验学校,5,1
清华大学附属小学,北京市海淀区清华大学院内,Haidian,Random,primary,3,40.00104558,116.316925,None,None,0
清华大学附属小学商务中心区实验小学,北京市朝阳区建国门外大街4号,Chaoyang,Random,primary,5,39.90587504,116.4474435,None,None,0
首都师范大学第二附属中学,北京市海淀区增光路50号,Haidian,None,middle,5,39.92639176,116.3083993,None,None,0
首都师范大学附属中学,北京市海淀区北洼路33号,Haidian,None,middle,2,39.92859567,116.2950616,None,None,0
首都师范大学附属中学第一分校,北京市海淀区阜石路甲59号,Haidian,None,middle,5,39.92546215,116.2362247,None,None,0
首都师范大学附属实验学校,北京市朝阳区望京花园133号楼,Chaoyang,None,middle,5,40.00669311,116.4661074,None,None,0
首都师范大学附属实验学校,北京市朝阳区望京花园133号楼,Chaoyang,Nineyears,primary,5,40.00669311,116.4661074,首都师范大学附属实验学校,5,1
首都师范大学附属小学,北京市海淀区通汇路9号,Haidian,Random,primary,4,39.94008537,116.2648308,None,None,0
首都师范大学附属朝阳实验小学,北京市朝阳区垡头翠成馨园219号楼,Chaoyang,Random,primary,2,39.85620676,116.5035928,None,None,0
首都师范大学附属玉泉学校,北京市海淀区闵庄南路,Haidian,None,middle,5,39.96487131,116.2415328,None,None,0
首都师范大学附属玉泉学校,北京市海淀区闵庄南路,Haidian,Nineyears,primary,5,39.96487131,116.2415328,首都师范大学附属玉泉学校,5,1
首都师范大学附属育新学校,北京市海淀区西三旗育新花园34号,Haidian,None,middle,5,40.05504292,116.3371527,None,None,0
首都师范大学附属育新学校,北京市海淀区西三旗育新花园34号,Haidian,Nineyears,primary,3,40.05504292,116.3371527,首都师范大学附属育新学校,5,1
